{
  "version": "fitted_v1",
  "target": "console",
  "dataset": {
    "path": "/Users/macbook_hwang/valvra/build/artifacts/external_ctest/console_external_capture_v1.npz",
    "source": "external_lab_capture",
    "mode": "console",
    "version": "console_external_capture_v1"
  },
  "objective_rmse": 0.0,
  "weights": {
    "thd_harmonic": 0.5,
    "fr_phase_proxy": 0.2,
    "level_response": 0.2,
    "transient_recovery": 0.1
  },
  "params": {
    "drive_scale": 1.6,
    "feedback_amount": 0.1,
    "transformer_loading": 0.55,
    "interstage_da": 0.04,
    "interstage_da_tau": 0.38,
    "recommended_realism": 0.31,
    "crosstalk_db": -69.0,
    "noise_floor_dbfs": -77.0
  },
  "drive_range": {
    "min": 1.2,
    "max": 2.1
  },
  "fit_metrics": {
    "thd_curve_db": [
      -38.42966695686586,
      -32.57077553836942,
      -26.153662140497826,
      -19.24050743074285,
      -16.26898172228453,
      -14.517880690646717
    ],
    "fr_db": [
      -2.5836303065003188,
      -1.762469352714847,
      -1.4300014071941334,
      -0.7265360987460241,
      0.0,
      -0.027846854405439103,
      -1.6341157998163212,
      -6.986402952677602
    ],
    "crest_db": 8.552540083889113,
    "transient_recovery": 0.912747078153929,
    "noise_floor_dbfs": -35.50028150486562
  }
}