{
  "version": "fitted_v1",
  "target": "console",
  "dataset": {
    "path": "/Users/macbook_hwang/valvra/build/artifacts/external_ctest/console_external_capture_v1.npz",
    "source": "external_lab_capture",
    "mode": "console",
    "version": "console_external_capture_v1"
  },
  "objective_rmse": 0.0,
  "weights": {
    "thd_harmonic": 0.5,
    "fr_phase_proxy": 0.2,
    "level_response": 0.2,
    "transient_recovery": 0.1
  },
  "params": {
    "drive_scale": 1.6,
    "feedback_amount": 0.1,
    "transformer_loading": 0.55,
    "interstage_da": 0.04,
    "interstage_da_tau": 0.38,
    "recommended_realism": 0.31,
    "crosstalk_db": -69.0,
    "noise_floor_dbfs": -77.0
  },
  "drive_range": {
    "min": 1.2,
    "max": 2.1
  },
  "fit_metrics": {
    "thd_curve_db": [
      -38.421102887708805,
      -32.560853353616835,
      -26.145336179685682,
      -19.23740513250516,
      -16.26789405385673,
      -14.517674898160053
    ],
    "fr_db": [
      -2.602865315967869,
      -1.768038900951625,
      -1.4322904475529743,
      -0.7270829317952767,
      0.0,
      -0.02047837818787812,
      -1.55920084676697,
      -6.732092044816522
    ],
    "crest_db": 8.559218104014425,
    "transient_recovery": 0.9125169883234494,
    "noise_floor_dbfs": -35.50160413268638
  }
}