{
  "version": "fitted_v1",
  "target": "console",
  "dataset": {
    "path": "/Users/macbook_hwang/valvra/build/artifacts/external_ctest/console_external_capture_v1.npz",
    "source": "external_lab_capture",
    "mode": "console",
    "version": "console_external_capture_v1"
  },
  "objective_rmse": 0.0,
  "weights": {
    "thd_harmonic": 0.5,
    "fr_phase_proxy": 0.2,
    "level_response": 0.2,
    "transient_recovery": 0.1
  },
  "params": {
    "drive_scale": 1.6,
    "feedback_amount": 0.1,
    "transformer_loading": 0.55,
    "interstage_da": 0.04,
    "interstage_da_tau": 0.38,
    "recommended_realism": 0.31,
    "crosstalk_db": -69.0,
    "noise_floor_dbfs": -77.0
  },
  "drive_range": {
    "min": 1.2,
    "max": 2.1
  },
  "fit_metrics": {
    "thd_curve_db": [
      -45.09047029662926,
      -39.449861845916715,
      -32.56764582892879,
      -23.866675183713838,
      -19.338304019121722,
      -16.133182801437208
    ],
    "fr_db": [
      -0.9044132074606583,
      -0.5955333002741856,
      -0.4459666258301347,
      -0.18281738029947725,
      0.0,
      0.10812573247091528,
      0.12174616011268391,
      -3.712847188424873
    ],
    "crest_db": 8.471558821736549,
    "transient_recovery": 0.905892255317442,
    "noise_floor_dbfs": -33.52452205242474
  }
}