{
  "version": "fitted_v1",
  "target": "console",
  "dataset": {
    "path": "/Users/macbook_hwang/valvra/build/artifacts/external_ctest/console_external_capture_v1.npz",
    "source": "external_lab_capture",
    "mode": "console",
    "version": "console_external_capture_v1"
  },
  "objective_rmse": 0.0,
  "weights": {
    "thd_harmonic": 0.5,
    "fr_phase_proxy": 0.2,
    "level_response": 0.2,
    "transient_recovery": 0.1
  },
  "params": {
    "drive_scale": 1.6,
    "feedback_amount": 0.1,
    "transformer_loading": 0.55,
    "interstage_da": 0.04,
    "interstage_da_tau": 0.38,
    "recommended_realism": 0.31,
    "crosstalk_db": -69.0,
    "noise_floor_dbfs": -77.0
  },
  "drive_range": {
    "min": 1.2,
    "max": 2.1
  },
  "fit_metrics": {
    "thd_curve_db": [
      -40.880878886948075,
      -34.946665654951246,
      -27.88183880725669,
      -19.77333740754786,
      -16.460903352054228,
      -14.58861631854896
    ],
    "fr_db": [
      -2.612011444879413,
      -1.780680238520505,
      -1.4439066152155675,
      -0.7334493881223665,
      0.0,
      -0.015999808932864568,
      -1.5374499409225901,
      -6.672894827563553
    ],
    "crest_db": 8.401781146029322,
    "transient_recovery": 0.9106421561131895,
    "noise_floor_dbfs": -35.38215120585518
  }
}