{
  "version": "fitted_v1",
  "target": "cv",
  "dataset": {
    "path": "/Users/macbook_hwang/valvra/build/artifacts/external_ctest/cv_external_capture_v1.npz",
    "source": "external_lab_capture",
    "mode": "cv",
    "version": "cv_external_capture_v1"
  },
  "objective_rmse": 0.0,
  "weights": {
    "thd_harmonic": 0.58,
    "fr_phase_proxy": 0.12,
    "level_response": 0.1,
    "transient_recovery": 0.2
  },
  "params": {
    "drive_scale": 1.9,
    "feedback_amount": 0.03,
    "transformer_loading": 0.7,
    "interstage_da": 0.085,
    "interstage_da_tau": 0.55,
    "recommended_realism": 0.46,
    "crosstalk_db": -65.0,
    "noise_floor_dbfs": -71.0
  },
  "drive_range": {
    "min": 1.4,
    "max": 2.6
  },
  "fit_metrics": {
    "thd_curve_db": [
      -7.059344087918343,
      -6.376743924394353,
      -7.14746769637176,
      -8.895753910936584,
      -7.819785735233568,
      -5.792484973212738
    ],
    "fr_db": [
      -10.906306400744148,
      -7.736615222098086,
      -4.889708040295394,
      1.3107163315728982,
      0.0,
      -0.2778313103669987,
      -1.0866951888029295,
      -2.133590382888892
    ],
    "crest_db": 14.572964103168905,
    "transient_recovery": 1.4088567262810971,
    "noise_floor_dbfs": -55.814801333134554
  }
}