{
  "version": "fitted_v1",
  "target": "cv",
  "dataset": {
    "path": "/Users/macbook_hwang/valvra/build/artifacts/external_ctest/cv_external_capture_v1.npz",
    "source": "external_lab_capture",
    "mode": "cv",
    "version": "cv_external_capture_v1"
  },
  "objective_rmse": 0.0,
  "weights": {
    "thd_harmonic": 0.58,
    "fr_phase_proxy": 0.12,
    "level_response": 0.1,
    "transient_recovery": 0.2
  },
  "params": {
    "drive_scale": 1.9,
    "feedback_amount": 0.03,
    "transformer_loading": 0.7,
    "interstage_da": 0.085,
    "interstage_da_tau": 0.55,
    "recommended_realism": 0.46,
    "crosstalk_db": -65.0,
    "noise_floor_dbfs": -71.0
  },
  "drive_range": {
    "min": 1.4,
    "max": 2.6
  },
  "fit_metrics": {
    "thd_curve_db": [
      -7.02634814074599,
      -6.432857006513013,
      -7.147896806443232,
      -8.882618333565919,
      -7.793594751759565,
      -5.764922793347232
    ],
    "fr_db": [
      -10.904718241918658,
      -7.737689331761068,
      -4.890249518734077,
      1.2883372166831712,
      0.0,
      -0.2873704780165838,
      -1.1035748975515887,
      -2.1595312916130567
    ],
    "crest_db": 14.587140176577124,
    "transient_recovery": 1.4302022969641264,
    "noise_floor_dbfs": -56.23618803814972
  }
}