{
  "version": "fitted_v1",
  "target": "cv",
  "dataset": {
    "path": "/Users/macbook_hwang/valvra/build/artifacts/external_ctest/cv_external_capture_v1.npz",
    "source": "external_lab_capture",
    "mode": "cv",
    "version": "cv_external_capture_v1"
  },
  "objective_rmse": 0.0,
  "weights": {
    "thd_harmonic": 0.58,
    "fr_phase_proxy": 0.12,
    "level_response": 0.1,
    "transient_recovery": 0.2
  },
  "params": {
    "drive_scale": 1.9,
    "feedback_amount": 0.03,
    "transformer_loading": 0.7,
    "interstage_da": 0.085,
    "interstage_da_tau": 0.55,
    "recommended_realism": 0.46,
    "crosstalk_db": -65.0,
    "noise_floor_dbfs": -71.0
  },
  "drive_range": {
    "min": 1.4,
    "max": 2.6
  },
  "fit_metrics": {
    "thd_curve_db": [
      -6.7890342394670675,
      -6.728357088489919,
      -6.573047597311559,
      -8.744330144741696,
      -8.821268995774208,
      -6.785295607911944
    ],
    "fr_db": [
      -9.937775170732579,
      -6.782277202106609,
      -3.9947558747870033,
      1.2490439526155193,
      0.0,
      -0.28159504137180846,
      -1.1921780209598314,
      -2.403164007644367
    ],
    "crest_db": 14.233491592464931,
    "transient_recovery": 1.2506390388661426,
    "noise_floor_dbfs": -55.81371358490994
  }
}