{
  "version": "fitted_v1",
  "target": "cv",
  "dataset": {
    "path": "/Users/macbook_hwang/valvra/build/artifacts/external_ctest/cv_external_capture_v1.npz",
    "source": "external_lab_capture",
    "mode": "cv",
    "version": "cv_external_capture_v1"
  },
  "objective_rmse": 0.0,
  "weights": {
    "thd_harmonic": 0.58,
    "fr_phase_proxy": 0.12,
    "level_response": 0.1,
    "transient_recovery": 0.2
  },
  "params": {
    "drive_scale": 1.9,
    "feedback_amount": 0.03,
    "transformer_loading": 0.7,
    "interstage_da": 0.085,
    "interstage_da_tau": 0.55,
    "recommended_realism": 0.46,
    "crosstalk_db": -65.0,
    "noise_floor_dbfs": -71.0
  },
  "drive_range": {
    "min": 1.4,
    "max": 2.6
  },
  "fit_metrics": {
    "thd_curve_db": [
      -6.760291472970112,
      -6.7108937321439495,
      -6.702872214220607,
      -8.792109094578818,
      -8.806797600836283,
      -6.7681437395910935
    ],
    "fr_db": [
      -9.939169770515015,
      -6.785929840982202,
      -4.002503021329314,
      1.268488659949238,
      0.0,
      -0.28640218234168735,
      -1.1927960412248009,
      -2.3796281457954382
    ],
    "crest_db": 14.221679801846133,
    "transient_recovery": 1.2439811923036688,
    "noise_floor_dbfs": -55.81662345609696
  }
}