{
  "version": "fitted_v1",
  "target": "cv",
  "dataset": {
    "path": "/Users/macbook_hwang/valvra/build/artifacts/external_ctest/cv_external_capture_v1.npz",
    "source": "external_lab_capture",
    "mode": "cv",
    "version": "cv_external_capture_v1"
  },
  "objective_rmse": 0.0,
  "weights": {
    "thd_harmonic": 0.58,
    "fr_phase_proxy": 0.12,
    "level_response": 0.1,
    "transient_recovery": 0.2
  },
  "params": {
    "drive_scale": 1.9,
    "feedback_amount": 0.03,
    "transformer_loading": 0.7,
    "interstage_da": 0.085,
    "interstage_da_tau": 0.55,
    "recommended_realism": 0.46,
    "crosstalk_db": -65.0,
    "noise_floor_dbfs": -71.0
  },
  "drive_range": {
    "min": 1.4,
    "max": 2.6
  },
  "fit_metrics": {
    "thd_curve_db": [
      -6.76029146777606,
      -6.710893756219406,
      -6.702872000428175,
      -8.792109059667245,
      -8.806797567472998,
      -6.768143730329081
    ],
    "fr_db": [
      -9.939169785844886,
      -6.7859298151066625,
      -4.0025029700184085,
      1.2684885976069094,
      0.0,
      -0.28640218912513227,
      -1.1927960566320408,
      -2.3796281571544107
    ],
    "crest_db": 14.221680505906892,
    "transient_recovery": 1.2439810878915587,
    "noise_floor_dbfs": -55.81671655663022
  }
}