{
  "version": "fitted_v1",
  "target": "hifi",
  "dataset": {
    "path": "/Users/macbook_hwang/valvra/build/artifacts/external_ctest/hifi_external_capture_v1.npz",
    "source": "external_lab_capture",
    "mode": "hifi",
    "version": "hifi_external_capture_v1"
  },
  "objective_rmse": 0.0,
  "weights": {
    "thd_harmonic": 0.26,
    "fr_phase_proxy": 0.4,
    "level_response": 0.2,
    "transient_recovery": 0.14
  },
  "params": {
    "drive_scale": 1.3,
    "feedback_amount": 0.14,
    "transformer_loading": 0.3,
    "interstage_da": 0.02,
    "interstage_da_tau": 0.25,
    "recommended_realism": 0.22,
    "crosstalk_db": -77.0,
    "noise_floor_dbfs": -83.0
  },
  "drive_range": {
    "min": 0.9,
    "max": 1.9
  },
  "fit_metrics": {
    "thd_curve_db": [
      -24.2418056566788,
      -10.398727216580173,
      -6.303369711297638,
      -4.199281652458912,
      -5.809607578880867,
      -2.0645927555433965
    ],
    "fr_db": [
      3.574743903907814,
      5.103070803004018,
      3.431278904221985,
      -0.022452059930850865,
      0.0,
      2.326710738588787,
      5.138164229011265,
      6.1221063359666825
    ],
    "crest_db": 9.885447469988536,
    "transient_recovery": 0.930387545275671,
    "noise_floor_dbfs": -59.87595047723339
  }
}