{
  "version": "fitted_v1",
  "target": "hifi",
  "dataset": {
    "path": "/Users/macbook_hwang/valvra/build/artifacts/external_ctest/hifi_external_capture_v1.npz",
    "source": "external_lab_capture",
    "mode": "hifi",
    "version": "hifi_external_capture_v1"
  },
  "objective_rmse": 0.0,
  "weights": {
    "thd_harmonic": 0.26,
    "fr_phase_proxy": 0.4,
    "level_response": 0.2,
    "transient_recovery": 0.14
  },
  "params": {
    "drive_scale": 1.3,
    "feedback_amount": 0.14,
    "transformer_loading": 0.3,
    "interstage_da": 0.02,
    "interstage_da_tau": 0.25,
    "recommended_realism": 0.22,
    "crosstalk_db": -77.0,
    "noise_floor_dbfs": -83.0
  },
  "drive_range": {
    "min": 0.9,
    "max": 1.9
  },
  "fit_metrics": {
    "thd_curve_db": [
      -25.44313268579064,
      -10.777015035793431,
      -6.376450488818955,
      -4.368321473197467,
      -5.6034122855500605,
      -2.0660352585277866
    ],
    "fr_db": [
      3.741043400541326,
      5.291624168290507,
      3.5886567125610167,
      0.10445719435175604,
      0.0,
      2.4475904831485433,
      5.306702034638093,
      6.3747559640134615
    ],
    "crest_db": 9.283547471275513,
    "transient_recovery": 1.0186820342477656,
    "noise_floor_dbfs": -66.14947276706948
  }
}