{
  "version": "fitted_v1",
  "target": "hifi",
  "dataset": {
    "path": "/Users/macbook_hwang/valvra/build/artifacts/external_ctest/hifi_external_capture_v1.npz",
    "source": "external_lab_capture",
    "mode": "hifi",
    "version": "hifi_external_capture_v1"
  },
  "objective_rmse": 0.0,
  "weights": {
    "thd_harmonic": 0.26,
    "fr_phase_proxy": 0.4,
    "level_response": 0.2,
    "transient_recovery": 0.14
  },
  "params": {
    "drive_scale": 1.3,
    "feedback_amount": 0.14,
    "transformer_loading": 0.3,
    "interstage_da": 0.02,
    "interstage_da_tau": 0.25,
    "recommended_realism": 0.22,
    "crosstalk_db": -77.0,
    "noise_floor_dbfs": -83.0
  },
  "drive_range": {
    "min": 0.9,
    "max": 1.9
  },
  "fit_metrics": {
    "thd_curve_db": [
      -25.44314759187545,
      -10.777022313439236,
      -6.3766163029869105,
      -4.369737233361673,
      -5.684717276177096,
      -2.067938996070038
    ],
    "fr_db": [
      3.7409776845259533,
      5.291558832945279,
      3.5885641842111653,
      0.1035305140335403,
      0.0,
      2.4476987172494127,
      5.306638586583274,
      6.374687166316361
    ],
    "crest_db": 9.283958263143898,
    "transient_recovery": 0.9736294960482322,
    "noise_floor_dbfs": -66.15367403593233
  }
}