{
  "version": "fitted_v1",
  "target": "hifi",
  "dataset": {
    "path": "/Users/hwang-gyeongha/tubeamp/build/artifacts/external_ctest/hifi_external_capture_v1.npz",
    "source": "external_lab_capture",
    "mode": "hifi",
    "version": "hifi_external_capture_v1"
  },
  "objective_rmse": 0.0,
  "weights": {
    "thd_harmonic": 0.26,
    "fr_phase_proxy": 0.4,
    "level_response": 0.2,
    "transient_recovery": 0.14
  },
  "params": {
    "drive_scale": 1.3,
    "feedback_amount": 0.14,
    "transformer_loading": 0.3,
    "interstage_da": 0.02,
    "interstage_da_tau": 0.25,
    "recommended_realism": 0.22,
    "crosstalk_db": -77.0,
    "noise_floor_dbfs": -83.0
  },
  "drive_range": {
    "min": 0.9,
    "max": 1.9
  },
  "fit_metrics": {
    "thd_curve_db": [
      -59.750092080981496,
      -53.54644710967353,
      -47.36460159787463,
      -41.335872294990466,
      -38.362577030096936,
      -35.417154100531384
    ],
    "fr_db": [
      23.186531651725147,
      20.119834567642563,
      14.70263628671956,
      2.4858301103744296,
      0.0,
      -0.11902783214446089,
      -0.13024975344047363,
      -0.13132245255783914
    ],
    "crest_db": 10.812533834555175,
    "transient_recovery": 0.17883493033643458,
    "noise_floor_dbfs": -59.38416071824822
  }
}