{
  "version": "fitted_v1",
  "target": "rndi",
  "dataset": {
    "path": "/Users/macbook_hwang/valvra/build/artifacts/external_ctest/rndi_external_capture_v1.npz",
    "source": "external_lab_capture",
    "mode": "rndi",
    "version": "rndi_external_capture_v1"
  },
  "objective_rmse": 0.0,
  "weights": {
    "thd_harmonic": 0.3,
    "fr_phase_proxy": 0.38,
    "level_response": 0.12,
    "transient_recovery": 0.2
  },
  "params": {
    "drive_scale": 1.8,
    "feedback_amount": 0.02,
    "transformer_loading": 0.42,
    "interstage_da": 0.025,
    "interstage_da_tau": 0.38,
    "recommended_realism": 0.26,
    "crosstalk_db": -75.0,
    "noise_floor_dbfs": -81.0
  },
  "drive_range": {
    "min": 1.2,
    "max": 2.3
  },
  "fit_metrics": {
    "thd_curve_db": [
      -66.91338323009072,
      -65.60274584380149,
      -62.25922759017914,
      -59.639365159500635,
      -58.74241121697246,
      -58.08138410457644
    ],
    "fr_db": [
      -0.8255584447147823,
      -0.49860236750714737,
      -0.31497105451339547,
      -0.06260153973217442,
      0.0,
      -0.17675878834626157,
      -0.22715381363365417,
      -0.5753466603834925
    ],
    "crest_db": 8.499324058815805,
    "transient_recovery": 0.8637573962236464,
    "noise_floor_dbfs": -41.70682354449197
  }
}