{
  "version": "fitted_v1",
  "target": "rndi",
  "dataset": {
    "path": "/Users/hwang-gyeongha/tubeamp/build/artifacts/external_ctest/rndi_external_capture_v1.npz",
    "source": "external_lab_capture",
    "mode": "rndi",
    "version": "rndi_external_capture_v1"
  },
  "objective_rmse": 0.0,
  "weights": {
    "thd_harmonic": 0.3,
    "fr_phase_proxy": 0.38,
    "level_response": 0.12,
    "transient_recovery": 0.2
  },
  "params": {
    "drive_scale": 1.8,
    "feedback_amount": 0.02,
    "transformer_loading": 0.42,
    "interstage_da": 0.025,
    "interstage_da_tau": 0.38,
    "recommended_realism": 0.26,
    "crosstalk_db": -75.0,
    "noise_floor_dbfs": -81.0
  },
  "drive_range": {
    "min": 1.2,
    "max": 2.3
  },
  "fit_metrics": {
    "thd_curve_db": [
      -66.07726531002682,
      -62.427227287415434,
      -56.967311699202135,
      -51.414938857201676,
      -48.46016474962067,
      -45.58662792975083
    ],
    "fr_db": [
      21.4100860639631,
      19.63787828579813,
      16.10821913019305,
      4.492476597604352,
      0.0,
      -0.1250206242123113,
      -0.131178951753796,
      -0.1332004585583988
    ],
    "crest_db": 10.620980290604777,
    "transient_recovery": 0.09419354738102038,
    "noise_floor_dbfs": -56.98428977985407
  }
}