{
  "version": "fitted_v1",
  "target": "rndi",
  "dataset": {
    "path": "/Users/macbook_hwang/valvra/build/artifacts/external_ctest/rndi_external_capture_v1.npz",
    "source": "external_lab_capture",
    "mode": "rndi",
    "version": "rndi_external_capture_v1"
  },
  "objective_rmse": 0.0,
  "weights": {
    "thd_harmonic": 0.3,
    "fr_phase_proxy": 0.38,
    "level_response": 0.12,
    "transient_recovery": 0.2
  },
  "params": {
    "drive_scale": 1.8,
    "feedback_amount": 0.02,
    "transformer_loading": 0.42,
    "interstage_da": 0.025,
    "interstage_da_tau": 0.38,
    "recommended_realism": 0.26,
    "crosstalk_db": -75.0,
    "noise_floor_dbfs": -81.0
  },
  "drive_range": {
    "min": 1.2,
    "max": 2.3
  },
  "fit_metrics": {
    "thd_curve_db": [
      -68.88073535810288,
      -66.21164491752766,
      -62.60859720897042,
      -59.89015828544421,
      -58.952001756792896,
      -58.24445733056284
    ],
    "fr_db": [
      -0.8182439761127993,
      -0.49106721360090333,
      -0.3076795228588072,
      -0.05922695685638324,
      0.0,
      -0.1774333798801191,
      -0.22774526083479074,
      -0.5758155571175649
    ],
    "crest_db": 8.53910820630647,
    "transient_recovery": 0.865162708072166,
    "noise_floor_dbfs": -40.47112818127303
  }
}