{
  "version": "fitted_v1",
  "target": "v72",
  "dataset": {
    "path": "/Users/macbook_hwang/valvra/build/artifacts/external_ctest/v72_external_capture_v1.npz",
    "source": "external_lab_capture",
    "mode": "v72",
    "version": "v72_external_capture_v1"
  },
  "objective_rmse": 0.0,
  "weights": {
    "thd_harmonic": 0.45,
    "fr_phase_proxy": 0.25,
    "level_response": 0.2,
    "transient_recovery": 0.1
  },
  "params": {
    "drive_scale": 1.0,
    "feedback_amount": 0.12,
    "transformer_loading": 0.48,
    "interstage_da": 0.055,
    "interstage_da_tau": 0.38,
    "recommended_realism": 0.36,
    "crosstalk_db": -71.0,
    "noise_floor_dbfs": -79.0
  },
  "drive_range": {
    "min": 0.8,
    "max": 1.4
  },
  "fit_metrics": {
    "thd_curve_db": [
      -55.93497214609263,
      -51.439123878103544,
      -46.690359087204165,
      -41.51899188743116,
      -37.207155218079535,
      -30.769635264294077
    ],
    "fr_db": [
      -3.2193147977529195,
      -1.915774886367319,
      -1.3385222983548255,
      -0.48487292309659136,
      0.0,
      -0.26745443597767915,
      -1.2859394709228384,
      -2.8686494921612216
    ],
    "crest_db": 8.421494295038368,
    "transient_recovery": 0.8576905376435212,
    "noise_floor_dbfs": -48.083376065402454
  }
}