{
  "version": "fitted_v1",
  "target": "v72",
  "dataset": {
    "path": "/Users/macbook_hwang/valvra/build/artifacts/external_ctest/v72_external_capture_v1.npz",
    "source": "external_lab_capture",
    "mode": "v72",
    "version": "v72_external_capture_v1"
  },
  "objective_rmse": 0.0,
  "weights": {
    "thd_harmonic": 0.45,
    "fr_phase_proxy": 0.25,
    "level_response": 0.2,
    "transient_recovery": 0.1
  },
  "params": {
    "drive_scale": 1.0,
    "feedback_amount": 0.12,
    "transformer_loading": 0.48,
    "interstage_da": 0.055,
    "interstage_da_tau": 0.38,
    "recommended_realism": 0.36,
    "crosstalk_db": -71.0,
    "noise_floor_dbfs": -79.0
  },
  "drive_range": {
    "min": 0.8,
    "max": 1.4
  },
  "fit_metrics": {
    "thd_curve_db": [
      -56.30235783564521,
      -51.6176879125844,
      -46.760399878422454,
      -41.505236686344055,
      -36.72471573007367,
      -30.333461204798514
    ],
    "fr_db": [
      -3.2063311260129805,
      -1.907843865189363,
      -1.3315160183433967,
      -0.4803907897612265,
      0.0,
      -0.27017111158790375,
      -1.2907275112566987,
      -2.8769906448522833
    ],
    "crest_db": 8.396214054952098,
    "transient_recovery": 0.854429460087046,
    "noise_floor_dbfs": -47.07674998495954
  }
}