{
  "version": "fitted_v1",
  "target": "v72",
  "dataset": {
    "path": "/Users/macbook_hwang/valvra/build/artifacts/external_ctest/v72_external_capture_v1.npz",
    "source": "external_lab_capture",
    "mode": "v72",
    "version": "v72_external_capture_v1"
  },
  "objective_rmse": 0.0,
  "weights": {
    "thd_harmonic": 0.45,
    "fr_phase_proxy": 0.25,
    "level_response": 0.2,
    "transient_recovery": 0.1
  },
  "params": {
    "drive_scale": 1.0,
    "feedback_amount": 0.12,
    "transformer_loading": 0.48,
    "interstage_da": 0.055,
    "interstage_da_tau": 0.38,
    "recommended_realism": 0.36,
    "crosstalk_db": -71.0,
    "noise_floor_dbfs": -79.0
  },
  "drive_range": {
    "min": 0.8,
    "max": 1.4
  },
  "fit_metrics": {
    "thd_curve_db": [
      -55.96228911213117,
      -51.452980521109325,
      -46.697411575585235,
      -41.52173066153408,
      -37.22371876044762,
      -30.780905237606753
    ],
    "fr_db": [
      -3.218512928632181,
      -1.9154136568745028,
      -1.3380932791876359,
      -0.48451971939921323,
      0.0,
      -0.27099686443593063,
      -1.3106068693365893,
      -2.9325992200941227
    ],
    "crest_db": 8.410889097437014,
    "transient_recovery": 0.8576251311307795,
    "noise_floor_dbfs": -47.93690491810103
  }
}