{
  "version": "fitted_v1",
  "target": "v72",
  "dataset": {
    "path": "/Users/hwang-gyeongha/tubeamp/build/artifacts/external_ctest/v72_external_capture_v1.npz",
    "source": "external_lab_capture",
    "mode": "v72",
    "version": "v72_external_capture_v1"
  },
  "objective_rmse": 0.0,
  "weights": {
    "thd_harmonic": 0.45,
    "fr_phase_proxy": 0.25,
    "level_response": 0.2,
    "transient_recovery": 0.1
  },
  "params": {
    "drive_scale": 1.0,
    "feedback_amount": 0.12,
    "transformer_loading": 0.48,
    "interstage_da": 0.055,
    "interstage_da_tau": 0.38,
    "recommended_realism": 0.36,
    "crosstalk_db": -71.0,
    "noise_floor_dbfs": -79.0
  },
  "drive_range": {
    "min": 0.8,
    "max": 1.4
  },
  "fit_metrics": {
    "thd_curve_db": [
      -27.74791353522492,
      -20.82398282871438,
      -16.028077296017212,
      -10.849795278982906,
      -9.066380706066502,
      -9.351925073373579
    ],
    "fr_db": [
      -11.464002726370353,
      -5.716284943786405,
      -3.4555724750586094,
      -0.8033682860455542,
      0.0,
      -2.073100779494986,
      -4.964163844633418,
      -5.366056875284329
    ],
    "crest_db": 5.717519162947738,
    "transient_recovery": 0.849891644189713,
    "noise_floor_dbfs": -56.53472331702615
  }
}